n0TricksPlayed,hCP0P3,hCP1P3,hCP2P3,hCP3P3,hCP4P3,hCP5P3,hCP6P3,hCP7P3,hCP8P3,hCP9P3,hCP10P3,hCP11P3,hCP12P3,startPNo,trickCard0,trickCard1,trickCard2,trickCard3
1,41,47,48,-100,-100,-100,-100,-100,-100,-100,-100,-100,-100,1,40,44,48,-100
2,2,6,9,10,-100,-100,-100,-100,-100,-100,-100,-100,-100,0,4,3,12,10
3,2,6,9,-100,-100,-100,-100,-100,-100,-100,-100,-100,-100,2,13,9,-100,-100
4,27,29,31,35,-100,-100,-100,-100,-100,-100,-100,-100,-100,2,32,27,-100,-100
5,29,31,35,-100,-100,-100,-100,-100,-100,-100,-100,-100,-100,0,39,37,33,29
6,41,47,-100,-100,-100,-100,-100,-100,-100,-100,-100,-100,-100,0,45,43,49,41
7,47,-100,-100,-100,-100,-100,-100,-100,-100,-100,-100,-100,-100,2,42,47,-100,-100
8,31,35,-100,-100,-100,-100,-100,-100,-100,-100,-100,-100,-100,0,30,34,1,31
9,2,6,19,21,35,-100,-100,-100,-100,-100,-100,-100,-100,1,50,15,19,-100
10,21,-100,-100,-100,-100,-100,-100,-100,-100,-100,-100,-100,-100,1,18,23,21,-100
11,2,6,35,-100,-100,-100,-100,-100,-100,-100,-100,-100,-100,0,26,22,16,2
12,6,35,-100,-100,-100,-100,-100,-100,-100,-100,-100,-100,-100,0,24,36,17,35
13,6,-100,-100,-100,-100,-100,-100,-100,-100,-100,-100,-100,-100,0,11,7,20,6
1,40,-100,-100,-100,-100,-100,-100,-100,-100,-100,-100,-100,-100,3,40,-100,-100,-100
2,4,-100,-100,-100,-100,-100,-100,-100,-100,-100,-100,-100,-100,1,12,7,4,-100
3,43,47,49,51,-100,-100,-100,-100,-100,-100,-100,-100,-100,0,50,3,45,49
4,29,30,31,32,-100,-100,-100,-100,-100,-100,-100,-100,-100,0,36,28,38,32
5,18,21,26,29,30,31,43,47,51,-100,-100,-100,-100,2,6,18,-100,-100
6,21,26,-100,-100,-100,-100,-100,-100,-100,-100,-100,-100,-100,1,15,22,21,-100
7,26,-100,-100,-100,-100,-100,-100,-100,-100,-100,-100,-100,-100,2,25,26,-100,-100
8,29,30,31,43,47,51,-100,-100,-100,-100,-100,-100,-100,3,29,-100,-100,-100
9,30,31,-100,-100,-100,-100,-100,-100,-100,-100,-100,-100,-100,0,34,33,39,30
10,43,47,51,-100,-100,-100,-100,-100,-100,-100,-100,-100,-100,2,48,43,-100,-100
11,31,47,51,-100,-100,-100,-100,-100,-100,-100,-100,-100,-100,2,24,47,-100,-100
12,31,51,-100,-100,-100,-100,-100,-100,-100,-100,-100,-100,-100,2,20,51,-100,-100
13,31,-100,-100,-100,-100,-100,-100,-100,-100,-100,-100,-100,-100,2,23,31,-100,-100
1,41,43,-100,-100,-100,-100,-100,-100,-100,-100,-100,-100,-100,1,40,47,43,-100
2,29,30,31,35,36,37,-100,-100,-100,-100,-100,-100,-100,2,27,29,-100,-100
3,30,31,35,36,37,-100,-100,-100,-100,-100,-100,-100,-100,1,33,28,31,-100
4,41,-100,-100,-100,-100,-100,-100,-100,-100,-100,-100,-100,-100,1,46,42,41,-100
5,1,2,4,6,11,30,35,36,37,-100,-100,-100,-100,0,44,50,49,37
6,1,2,4,6,11,-100,-100,-100,-100,-100,-100,-100,-100,1,7,8,1,-100
7,2,4,6,11,30,35,36,-100,-100,-100,-100,-100,-100,0,52,51,16,30
8,2,4,6,11,35,36,-100,-100,-100,-100,-100,-100,-100,0,24,19,21,35
9,2,4,6,11,-100,-100,-100,-100,-100,-100,-100,-100,-100,0,12,9,5,2
10,4,6,11,36,-100,-100,-100,-100,-100,-100,-100,-100,-100,0,18,23,17,36
11,4,6,11,-100,-100,-100,-100,-100,-100,-100,-100,-100,-100,1,26,15,4,-100
12,6,11,-100,-100,-100,-100,-100,-100,-100,-100,-100,-100,-100,1,25,10,6,-100
13,11,-100,-100,-100,-100,-100,-100,-100,-100,-100,-100,-100,-100,1,3,38,11,-100
1,40,-100,-100,-100,-100,-100,-100,-100,-100,-100,-100,-100,-100,3,40,-100,-100,-100
2,11,12,-100,-100,-100,-100,-100,-100,-100,-100,-100,-100,-100,2,5,12,-100,-100
3,11,28,29,34,42,46,48,-100,-100,-100,-100,-100,-100,3,28,-100,-100,-100
4,11,-100,-100,-100,-100,-100,-100,-100,-100,-100,-100,-100,-100,1,7,6,11,-100
5,29,34,42,46,48,-100,-100,-100,-100,-100,-100,-100,-100,3,29,-100,-100,-100
6,42,46,48,-100,-100,-100,-100,-100,-100,-100,-100,-100,-100,2,44,42,-100,-100
7,46,48,-100,-100,-100,-100,-100,-100,-100,-100,-100,-100,-100,2,50,48,-100,-100
8,34,-100,-100,-100,-100,-100,-100,-100,-100,-100,-100,-100,-100,2,30,34,-100,-100
9,14,21,22,23,46,-100,-100,-100,-100,-100,-100,-100,-100,3,46,-100,-100,-100
10,14,21,22,23,-100,-100,-100,-100,-100,-100,-100,-100,-100,0,17,15,16,14
11,21,22,23,-100,-100,-100,-100,-100,-100,-100,-100,-100,-100,0,35,13,1,23
12,21,22,-100,-100,-100,-100,-100,-100,-100,-100,-100,-100,-100,0,9,8,20,21
13,22,-100,-100,-100,-100,-100,-100,-100,-100,-100,-100,-100,-100,0,25,18,26,22
1,47,-100,-100,-100,-100,-100,-100,-100,-100,-100,-100,-100,-100,2,40,47,-100,-100
2,1,2,10,11,-100,-100,-100,-100,-100,-100,-100,-100,-100,0,9,13,12,1
3,2,10,11,-100,-100,-100,-100,-100,-100,-100,-100,-100,-100,1,6,3,2,-100
4,10,11,17,22,28,30,31,33,34,36,-100,-100,-100,1,50,52,17,-100
5,10,11,22,28,30,31,33,34,36,-100,-100,-100,-100,2,48,22,-100,-100
6,28,30,31,33,34,36,-100,-100,-100,-100,-100,-100,-100,1,32,29,28,-100
7,30,31,33,34,36,-100,-100,-100,-100,-100,-100,-100,-100,0,39,37,25,30
8,10,11,31,33,34,36,-100,-100,-100,-100,-100,-100,-100,0,24,26,16,31
9,10,11,-100,-100,-100,-100,-100,-100,-100,-100,-100,-100,-100,1,4,43,10,-100
10,11,33,34,36,-100,-100,-100,-100,-100,-100,-100,-100,-100,3,33,-100,-100,-100
11,11,-100,-100,-100,-100,-100,-100,-100,-100,-100,-100,-100,-100,1,7,18,11,-100
12,34,36,-100,-100,-100,-100,-100,-100,-100,-100,-100,-100,-100,3,34,-100,-100,-100
13,36,-100,-100,-100,-100,-100,-100,-100,-100,-100,-100,-100,-100,3,36,-100,-100,-100
1,40,-100,-100,-100,-100,-100,-100,-100,-100,-100,-100,-100,-100,3,40,-100,-100,-100
2,3,6,12,-100,-100,-100,-100,-100,-100,-100,-100,-100,-100,2,5,12,-100,-100
3,3,6,29,32,34,35,45,47,-100,-100,-100,-100,-100,3,3,-100,-100,-100
4,29,32,34,35,-100,-100,-100,-100,-100,-100,-100,-100,-100,1,39,27,35,-100
5,29,32,34,-100,-100,-100,-100,-100,-100,-100,-100,-100,-100,1,33,38,34,-100
6,45,47,-100,-100,-100,-100,-100,-100,-100,-100,-100,-100,-100,2,44,45,-100,-100
7,29,32,-100,-100,-100,-100,-100,-100,-100,-100,-100,-100,-100,0,30,28,21,29
8,18,20,24,-100,-100,-100,-100,-100,-100,-100,-100,-100,-100,0,14,16,25,24
9,47,-100,-100,-100,-100,-100,-100,-100,-100,-100,-100,-100,-100,2,51,47,-100,-100
10,6,18,20,32,-100,-100,-100,-100,-100,-100,-100,-100,-100,2,46,18,-100,-100
11,20,-100,-100,-100,-100,-100,-100,-100,-100,-100,-100,-100,-100,2,15,20,-100,-100
12,6,-100,-100,-100,-100,-100,-100,-100,-100,-100,-100,-100,-100,1,7,49,6,-100
13,32,-100,-100,-100,-100,-100,-100,-100,-100,-100,-100,-100,-100,1,8,26,32,-100
1,41,42,43,44,45,48,50,-100,-100,-100,-100,-100,-100,0,40,46,52,50
2,7,-100,-100,-100,-100,-100,-100,-100,-100,-100,-100,-100,-100,2,3,7,-100,-100
3,41,42,43,44,45,48,-100,-100,-100,-100,-100,-100,-100,0,47,49,12,41
4,31,33,37,-100,-100,-100,-100,-100,-100,-100,-100,-100,-100,1,30,38,37,-100
5,31,33,-100,-100,-100,-100,-100,-100,-100,-100,-100,-100,-100,2,34,33,-100,-100
6,42,43,44,45,48,-100,-100,-100,-100,-100,-100,-100,-100,1,51,11,42,-100
7,15,18,-100,-100,-100,-100,-100,-100,-100,-100,-100,-100,-100,1,24,20,15,-100
8,31,-100,-100,-100,-100,-100,-100,-100,-100,-100,-100,-100,-100,0,27,17,29,31
9,18,43,44,45,48,-100,-100,-100,-100,-100,-100,-100,-100,3,43,-100,-100,-100
10,18,44,45,48,-100,-100,-100,-100,-100,-100,-100,-100,-100,3,44,-100,-100,-100
11,18,45,48,-100,-100,-100,-100,-100,-100,-100,-100,-100,-100,3,45,-100,-100,-100
12,18,48,-100,-100,-100,-100,-100,-100,-100,-100,-100,-100,-100,3,48,-100,-100,-100
13,18,-100,-100,-100,-100,-100,-100,-100,-100,-100,-100,-100,-100,3,18,-100,-100,-100
1,40,-100,-100,-100,-100,-100,-100,-100,-100,-100,-100,-100,-100,3,40,-100,-100,-100
2,27,28,30,-100,-100,-100,-100,-100,-100,-100,-100,-100,-100,1,35,31,27,-100
3,7,10,-100,-100,-100,-100,-100,-100,-100,-100,-100,-100,-100,1,2,1,7,-100
4,10,28,30,44,49,-100,-100,-100,-100,-100,-100,-100,-100,3,28,-100,-100,-100
5,44,49,-100,-100,-100,-100,-100,-100,-100,-100,-100,-100,-100,2,48,44,-100,-100
6,30,-100,-100,-100,-100,-100,-100,-100,-100,-100,-100,-100,-100,2,39,30,-100,-100
7,49,-100,-100,-100,-100,-100,-100,-100,-100,-100,-100,-100,-100,2,51,49,-100,-100
8,10,-100,-100,-100,-100,-100,-100,-100,-100,-100,-100,-100,-100,2,8,10,-100,-100
9,16,17,20,24,25,-100,-100,-100,-100,-100,-100,-100,-100,0,9,11,3,25
10,16,17,20,24,-100,-100,-100,-100,-100,-100,-100,-100,-100,1,26,14,16,-100
11,17,20,24,-100,-100,-100,-100,-100,-100,-100,-100,-100,-100,1,21,22,17,-100
12,20,24,-100,-100,-100,-100,-100,-100,-100,-100,-100,-100,-100,2,12,20,-100,-100
13,24,-100,-100,-100,-100,-100,-100,-100,-100,-100,-100,-100,-100,2,47,24,-100,-100
1,40,-100,-100,-100,-100,-100,-100,-100,-100,-100,-100,-100,-100,3,40,-100,-100,-100
2,47,48,-100,-100,-100,-100,-100,-100,-100,-100,-100,-100,-100,1,42,49,48,-100
3,29,38,-100,-100,-100,-100,-100,-100,-100,-100,-100,-100,-100,2,32,29,-100,-100
4,2,4,5,6,10,-100,-100,-100,-100,-100,-100,-100,-100,2,3,2,-100,-100
5,4,5,6,10,-100,-100,-100,-100,-100,-100,-100,-100,-100,1,1,13,10,-100
6,38,-100,-100,-100,-100,-100,-100,-100,-100,-100,-100,-100,-100,2,34,38,-100,-100
7,4,5,6,14,18,20,47,-100,-100,-100,-100,-100,-100,3,14,-100,-100,-100
8,47,-100,-100,-100,-100,-100,-100,-100,-100,-100,-100,-100,-100,0,45,46,35,47
9,4,5,6,18,20,-100,-100,-100,-100,-100,-100,-100,-100,3,4,-100,-100,-100
10,18,20,-100,-100,-100,-100,-100,-100,-100,-100,-100,-100,-100,2,25,18,-100,-100
11,5,6,20,-100,-100,-100,-100,-100,-100,-100,-100,-100,-100,2,33,20,-100,-100
12,5,6,-100,-100,-100,-100,-100,-100,-100,-100,-100,-100,-100,2,37,5,-100,-100
13,6,-100,-100,-100,-100,-100,-100,-100,-100,-100,-100,-100,-100,2,39,6,-100,-100
1,43,45,48,50,-100,-100,-100,-100,-100,-100,-100,-100,-100,1,40,47,50,-100
2,5,6,7,9,12,30,32,36,38,43,45,48,-100,3,30,-100,-100,-100
3,32,36,38,-100,-100,-100,-100,-100,-100,-100,-100,-100,-100,0,33,39,34,36
4,43,45,48,-100,-100,-100,-100,-100,-100,-100,-100,-100,-100,1,51,44,48,-100
5,5,6,7,9,12,-100,-100,-100,-100,-100,-100,-100,-100,1,11,13,12,-100
6,5,6,7,9,-100,-100,-100,-100,-100,-100,-100,-100,-100,2,8,7,-100,-100
7,5,6,9,-100,-100,-100,-100,-100,-100,-100,-100,-100,-100,2,10,9,-100,-100
8,5,6,32,38,43,45,-100,-100,-100,-100,-100,-100,-100,2,26,43,-100,-100
9,5,6,32,38,45,-100,-100,-100,-100,-100,-100,-100,-100,2,17,45,-100,-100
10,5,6,32,38,-100,-100,-100,-100,-100,-100,-100,-100,-100,1,41,22,32,-100
11,38,-100,-100,-100,-100,-100,-100,-100,-100,-100,-100,-100,-100,0,29,52,31,38
12,5,6,-100,-100,-100,-100,-100,-100,-100,-100,-100,-100,-100,3,5,-100,-100,-100
13,6,-100,-100,-100,-100,-100,-100,-100,-100,-100,-100,-100,-100,3,6,-100,-100,-100
1,41,49,-100,-100,-100,-100,-100,-100,-100,-100,-100,-100,-100,1,40,44,49,-100
2,30,32,33,-100,-100,-100,-100,-100,-100,-100,-100,-100,-100,0,34,37,29,33
3,30,32,-100,-100,-100,-100,-100,-100,-100,-100,-100,-100,-100,1,27,42,30,-100
4,41,-100,-100,-100,-100,-100,-100,-100,-100,-100,-100,-100,-100,0,47,52,43,41
5,32,-100,-100,-100,-100,-100,-100,-100,-100,-100,-100,-100,-100,1,38,12,32,-100
6,1,5,6,7,8,19,21,22,-100,-100,-100,-100,-100,1,46,9,19,-100
7,21,22,-100,-100,-100,-100,-100,-100,-100,-100,-100,-100,-100,0,26,23,18,21
8,1,5,6,7,8,-100,-100,-100,-100,-100,-100,-100,-100,0,13,11,2,1
9,5,6,7,8,-100,-100,-100,-100,-100,-100,-100,-100,-100,0,3,17,4,6
10,5,7,8,22,-100,-100,-100,-100,-100,-100,-100,-100,-100,3,5,-100,-100,-100
11,7,8,22,-100,-100,-100,-100,-100,-100,-100,-100,-100,-100,0,45,25,20,22
12,7,8,-100,-100,-100,-100,-100,-100,-100,-100,-100,-100,-100,0,48,36,16,7
13,8,-100,-100,-100,-100,-100,-100,-100,-100,-100,-100,-100,-100,0,39,24,15,8
1,46,-100,-100,-100,-100,-100,-100,-100,-100,-100,-100,-100,-100,2,40,46,-100,-100
2,1,7,8,11,-100,-100,-100,-100,-100,-100,-100,-100,-100,1,9,5,1,-100
3,7,8,11,-100,-100,-100,-100,-100,-100,-100,-100,-100,-100,1,13,6,11,-100
4,7,8,17,25,26,30,31,32,36,39,-100,-100,-100,1,45,49,17,-100
5,7,8,25,26,30,31,32,36,39,-100,-100,-100,-100,2,43,25,-100,-100
6,26,-100,-100,-100,-100,-100,-100,-100,-100,-100,-100,-100,-100,1,14,19,26,-100
7,7,8,30,31,32,36,39,-100,-100,-100,-100,-100,-100,3,30,-100,-100,-100
8,7,8,31,32,36,39,-100,-100,-100,-100,-100,-100,-100,0,20,23,24,31
9,32,36,39,-100,-100,-100,-100,-100,-100,-100,-100,-100,-100,2,29,32,-100,-100
10,36,39,-100,-100,-100,-100,-100,-100,-100,-100,-100,-100,-100,1,38,35,39,-100
11,7,8,36,-100,-100,-100,-100,-100,-100,-100,-100,-100,-100,3,7,-100,-100,-100
12,8,36,-100,-100,-100,-100,-100,-100,-100,-100,-100,-100,-100,0,48,18,41,36
13,8,-100,-100,-100,-100,-100,-100,-100,-100,-100,-100,-100,-100,0,22,15,50,8
1,41,43,49,51,-100,-100,-100,-100,-100,-100,-100,-100,-100,2,40,51,-100,-100
2,11,29,31,32,33,35,36,41,43,49,-100,-100,-100,3,41,-100,-100,-100
3,29,31,32,33,35,36,-100,-100,-100,-100,-100,-100,-100,1,34,28,33,-100
4,11,-100,-100,-100,-100,-100,-100,-100,-100,-100,-100,-100,-100,1,4,13,11,-100
5,29,31,32,35,36,-100,-100,-100,-100,-100,-100,-100,-100,2,39,36,-100,-100
6,14,15,29,31,32,35,43,49,-100,-100,-100,-100,-100,2,10,14,-100,-100
7,15,-100,-100,-100,-100,-100,-100,-100,-100,-100,-100,-100,-100,2,22,15,-100,-100
8,29,31,32,35,43,49,-100,-100,-100,-100,-100,-100,-100,2,19,43,-100,-100
9,29,31,32,35,49,-100,-100,-100,-100,-100,-100,-100,-100,2,18,49,-100,-100
10,29,31,32,35,-100,-100,-100,-100,-100,-100,-100,-100,-100,0,9,1,5,35
11,29,31,32,-100,-100,-100,-100,-100,-100,-100,-100,-100,-100,0,26,47,25,29
12,31,32,-100,-100,-100,-100,-100,-100,-100,-100,-100,-100,-100,0,7,27,24,31
13,32,-100,-100,-100,-100,-100,-100,-100,-100,-100,-100,-100,-100,0,12,52,23,32
1,46,-100,-100,-100,-100,-100,-100,-100,-100,-100,-100,-100,-100,0,40,42,48,46
2,5,8,9,10,12,-100,-100,-100,-100,-100,-100,-100,-100,2,6,12,-100,-100
3,5,8,9,10,30,33,34,-100,-100,-100,-100,-100,-100,3,30,-100,-100,-100
4,33,34,-100,-100,-100,-100,-100,-100,-100,-100,-100,-100,-100,2,28,33,-100,-100
5,5,8,9,10,15,17,21,25,34,-100,-100,-100,-100,0,49,52,47,25
6,15,17,21,-100,-100,-100,-100,-100,-100,-100,-100,-100,-100,1,19,16,15,-100
7,17,21,-100,-100,-100,-100,-100,-100,-100,-100,-100,-100,-100,0,18,23,14,17
8,5,8,9,10,-100,-100,-100,-100,-100,-100,-100,-100,-100,1,11,3,10,-100
9,5,8,9,-100,-100,-100,-100,-100,-100,-100,-100,-100,-100,1,2,26,5,-100
10,8,9,21,34,-100,-100,-100,-100,-100,-100,-100,-100,-100,3,8,-100,-100,-100
11,21,-100,-100,-100,-100,-100,-100,-100,-100,-100,-100,-100,-100,1,20,24,21,-100
12,9,34,-100,-100,-100,-100,-100,-100,-100,-100,-100,-100,-100,2,44,34,-100,-100
13,9,-100,-100,-100,-100,-100,-100,-100,-100,-100,-100,-100,-100,0,43,37,32,9
1,42,49,51,-100,-100,-100,-100,-100,-100,-100,-100,-100,-100,2,40,51,-100,-100
2,1,2,3,6,12,35,36,42,49,-100,-100,-100,-100,3,1,-100,-100,-100
3,2,3,6,12,-100,-100,-100,-100,-100,-100,-100,-100,-100,0,9,7,13,2
4,35,36,-100,-100,-100,-100,-100,-100,-100,-100,-100,-100,-100,2,38,36,-100,-100
5,42,49,-100,-100,-100,-100,-100,-100,-100,-100,-100,-100,-100,2,52,49,-100,-100
6,35,-100,-100,-100,-100,-100,-100,-100,-100,-100,-100,-100,-100,2,37,35,-100,-100
7,3,6,12,18,20,21,42,-100,-100,-100,-100,-100,-100,1,29,33,18,-100
8,20,21,-100,-100,-100,-100,-100,-100,-100,-100,-100,-100,-100,2,24,20,-100,-100
9,42,-100,-100,-100,-100,-100,-100,-100,-100,-100,-100,-100,-100,2,43,42,-100,-100
10,3,6,12,21,-100,-100,-100,-100,-100,-100,-100,-100,-100,1,34,46,21,-100
11,3,6,12,-100,-100,-100,-100,-100,-100,-100,-100,-100,-100,1,41,25,3,-100
12,6,12,-100,-100,-100,-100,-100,-100,-100,-100,-100,-100,-100,1,14,23,6,-100
13,12,-100,-100,-100,-100,-100,-100,-100,-100,-100,-100,-100,-100,2,17,12,-100,-100
1,8,10,12,30,31,32,35,-100,-100,-100,-100,-100,-100,0,40,45,43,12
2,30,31,32,35,37,-100,-100,-100,-100,-100,-100,-100,-100,1,29,36,30,-100
3,8,10,14,17,18,21,22,31,32,35,37,-100,-100,2,51,37,-100,-100
4,8,10,-100,-100,-100,-100,-100,-100,-100,-100,-100,-100,-100,1,3,7,8,-100
5,10,14,17,18,21,22,31,32,35,-100,-100,-100,-100,0,49,41,50,14
6,31,32,35,-100,-100,-100,-100,-100,-100,-100,-100,-100,-100,2,28,31,-100,-100
7,17,18,21,22,-100,-100,-100,-100,-100,-100,-100,-100,-100,1,15,23,17,-100
8,10,18,21,22,32,35,-100,-100,-100,-100,-100,-100,-100,0,46,42,1,22
9,10,-100,-100,-100,-100,-100,-100,-100,-100,-100,-100,-100,-100,0,11,2,6,10
10,18,21,-100,-100,-100,-100,-100,-100,-100,-100,-100,-100,-100,0,24,19,20,18
11,21,-100,-100,-100,-100,-100,-100,-100,-100,-100,-100,-100,-100,0,25,4,27,21
12,32,35,-100,-100,-100,-100,-100,-100,-100,-100,-100,-100,-100,0,5,47,39,35
13,32,-100,-100,-100,-100,-100,-100,-100,-100,-100,-100,-100,-100,0,16,48,38,32
1,40,-100,-100,-100,-100,-100,-100,-100,-100,-100,-100,-100,-100,3,40,-100,-100,-100
2,41,43,-100,-100,-100,-100,-100,-100,-100,-100,-100,-100,-100,2,52,41,-100,-100
3,5,-100,-100,-100,-100,-100,-100,-100,-100,-100,-100,-100,-100,2,6,5,-100,-100
4,14,15,17,22,27,28,29,35,38,43,-100,-100,-100,1,13,4,14,-100
5,15,17,22,27,28,29,35,38,43,-100,-100,-100,-100,1,11,1,15,-100
6,17,22,27,28,29,35,38,43,-100,-100,-100,-100,-100,1,7,44,17,-100
7,27,28,29,35,38,-100,-100,-100,-100,-100,-100,-100,-100,1,39,32,27,-100
8,43,-100,-100,-100,-100,-100,-100,-100,-100,-100,-100,-100,-100,1,45,51,43,-100
9,22,-100,-100,-100,-100,-100,-100,-100,-100,-100,-100,-100,-100,2,16,22,-100,-100
10,28,29,35,38,-100,-100,-100,-100,-100,-100,-100,-100,-100,1,33,37,28,-100
11,29,35,38,-100,-100,-100,-100,-100,-100,-100,-100,-100,-100,2,25,29,-100,-100
12,35,38,-100,-100,-100,-100,-100,-100,-100,-100,-100,-100,-100,2,18,35,-100,-100
13,38,-100,-100,-100,-100,-100,-100,-100,-100,-100,-100,-100,-100,0,36,49,47,38
1,44,45,47,51,-100,-100,-100,-100,-100,-100,-100,-100,-100,0,40,43,46,51
2,6,8,29,32,33,38,44,45,47,-100,-100,-100,-100,3,29,-100,-100,-100
3,44,45,47,-100,-100,-100,-100,-100,-100,-100,-100,-100,-100,2,50,47,-100,-100
4,6,8,-100,-100,-100,-100,-100,-100,-100,-100,-100,-100,-100,0,13,2,9,8
5,6,-100,-100,-100,-100,-100,-100,-100,-100,-100,-100,-100,-100,0,3,10,12,6
6,20,21,22,32,33,38,44,45,-100,-100,-100,-100,-100,2,1,20,-100,-100
7,44,45,-100,-100,-100,-100,-100,-100,-100,-100,-100,-100,-100,0,48,17,15,44
8,21,22,-100,-100,-100,-100,-100,-100,-100,-100,-100,-100,-100,0,18,16,19,21
9,22,32,33,38,45,-100,-100,-100,-100,-100,-100,-100,-100,3,32,-100,-100,-100
10,45,-100,-100,-100,-100,-100,-100,-100,-100,-100,-100,-100,-100,0,49,27,11,45
11,33,38,-100,-100,-100,-100,-100,-100,-100,-100,-100,-100,-100,0,39,28,5,33
12,22,38,-100,-100,-100,-100,-100,-100,-100,-100,-100,-100,-100,0,41,25,14,22
13,38,-100,-100,-100,-100,-100,-100,-100,-100,-100,-100,-100,-100,0,24,34,23,38
1,52,-100,-100,-100,-100,-100,-100,-100,-100,-100,-100,-100,-100,0,40,47,50,52
2,2,5,10,30,31,34,36,-100,-100,-100,-100,-100,-100,3,2,-100,-100,-100
3,30,31,34,36,-100,-100,-100,-100,-100,-100,-100,-100,-100,1,27,35,34,-100
4,30,31,36,-100,-100,-100,-100,-100,-100,-100,-100,-100,-100,0,37,46,38,36
5,5,10,14,15,16,19,23,30,31,-100,-100,-100,-100,2,41,14,-100,-100
6,30,31,-100,-100,-100,-100,-100,-100,-100,-100,-100,-100,-100,0,32,22,28,30
7,15,16,19,23,-100,-100,-100,-100,-100,-100,-100,-100,-100,0,20,18,25,15
8,5,10,-100,-100,-100,-100,-100,-100,-100,-100,-100,-100,-100,2,13,5,-100,-100
9,10,-100,-100,-100,-100,-100,-100,-100,-100,-100,-100,-100,-100,2,9,10,-100,-100
10,16,19,23,31,-100,-100,-100,-100,-100,-100,-100,-100,-100,3,16,-100,-100,-100
11,19,23,31,-100,-100,-100,-100,-100,-100,-100,-100,-100,-100,2,48,19,-100,-100
12,23,31,-100,-100,-100,-100,-100,-100,-100,-100,-100,-100,-100,1,51,45,23,-100
13,31,-100,-100,-100,-100,-100,-100,-100,-100,-100,-100,-100,-100,1,11,1,31,-100
1,42,48,-100,-100,-100,-100,-100,-100,-100,-100,-100,-100,-100,0,40,44,41,48
2,1,2,4,5,6,7,13,30,32,42,-100,-100,-100,3,42,-100,-100,-100
3,30,32,-100,-100,-100,-100,-100,-100,-100,-100,-100,-100,-100,1,29,34,32,-100
4,30,-100,-100,-100,-100,-100,-100,-100,-100,-100,-100,-100,-100,2,39,30,-100,-100
5,1,2,4,5,6,7,13,-100,-100,-100,-100,-100,-100,2,10,1,-100,-100
6,2,4,5,6,7,13,15,16,-100,-100,-100,-100,-100,1,36,28,15,-100
7,16,-100,-100,-100,-100,-100,-100,-100,-100,-100,-100,-100,-100,0,20,25,19,16
8,2,4,5,6,7,13,-100,-100,-100,-100,-100,-100,-100,1,8,9,2,-100
9,4,5,6,7,13,-100,-100,-100,-100,-100,-100,-100,-100,2,26,4,-100,-100
10,5,6,7,13,-100,-100,-100,-100,-100,-100,-100,-100,-100,2,24,5,-100,-100
11,6,7,13,-100,-100,-100,-100,-100,-100,-100,-100,-100,-100,2,33,6,-100,-100
12,7,13,-100,-100,-100,-100,-100,-100,-100,-100,-100,-100,-100,2,14,7,-100,-100
13,13,-100,-100,-100,-100,-100,-100,-100,-100,-100,-100,-100,-100,2,23,13,-100,-100
1,43,49,50,52,-100,-100,-100,-100,-100,-100,-100,-100,-100,1,40,45,52,-100
2,8,30,32,34,36,37,43,49,50,-100,-100,-100,-100,3,30,-100,-100,-100
3,8,-100,-100,-100,-100,-100,-100,-100,-100,-100,-100,-100,-100,2,2,8,-100,-100
4,20,21,23,32,34,36,37,43,49,50,-100,-100,-100,0,1,12,13,37
5,43,49,50,-100,-100,-100,-100,-100,-100,-100,-100,-100,-100,2,44,43,-100,-100
6,20,21,23,32,34,36,49,50,-100,-100,-100,-100,-100,0,7,5,15,23
7,20,21,32,34,36,49,50,-100,-100,-100,-100,-100,-100,0,9,4,28,21
8,32,34,36,-100,-100,-100,-100,-100,-100,-100,-100,-100,-100,0,35,31,17,32
9,20,-100,-100,-100,-100,-100,-100,-100,-100,-100,-100,-100,-100,0,25,26,24,20
10,34,36,49,50,-100,-100,-100,-100,-100,-100,-100,-100,-100,1,19,22,49,-100
11,34,36,50,-100,-100,-100,-100,-100,-100,-100,-100,-100,-100,2,18,50,-100,-100
12,34,36,-100,-100,-100,-100,-100,-100,-100,-100,-100,-100,-100,2,41,34,-100,-100
13,36,-100,-100,-100,-100,-100,-100,-100,-100,-100,-100,-100,-100,1,38,48,36,-100
1,41,46,47,-100,-100,-100,-100,-100,-100,-100,-100,-100,-100,0,40,43,49,47
2,41,46,-100,-100,-100,-100,-100,-100,-100,-100,-100,-100,-100,2,45,41,-100,-100
3,31,34,36,-100,-100,-100,-100,-100,-100,-100,-100,-100,-100,0,35,28,39,36
4,4,7,9,13,-100,-100,-100,-100,-100,-100,-100,-100,-100,2,1,9,-100,-100
5,31,34,-100,-100,-100,-100,-100,-100,-100,-100,-100,-100,-100,0,38,27,11,34
6,4,7,13,-100,-100,-100,-100,-100,-100,-100,-100,-100,-100,0,8,51,12,7
7,4,13,-100,-100,-100,-100,-100,-100,-100,-100,-100,-100,-100,2,3,4,-100,-100
8,13,14,20,21,31,46,-100,-100,-100,-100,-100,-100,-100,3,14,-100,-100,-100
9,46,-100,-100,-100,-100,-100,-100,-100,-100,-100,-100,-100,-100,2,42,46,-100,-100
10,31,-100,-100,-100,-100,-100,-100,-100,-100,-100,-100,-100,-100,1,30,18,31,-100
11,20,21,-100,-100,-100,-100,-100,-100,-100,-100,-100,-100,-100,0,22,26,24,21
12,13,20,-100,-100,-100,-100,-100,-100,-100,-100,-100,-100,-100,1,32,5,20,-100
13,13,-100,-100,-100,-100,-100,-100,-100,-100,-100,-100,-100,-100,0,25,29,17,13
1,42,45,49,52,-100,-100,-100,-100,-100,-100,-100,-100,-100,0,40,47,41,52
2,12,28,29,31,33,34,42,45,49,-100,-100,-100,-100,3,28,-100,-100,-100
3,42,45,49,-100,-100,-100,-100,-100,-100,-100,-100,-100,-100,1,51,48,42,-100
4,29,31,33,34,-100,-100,-100,-100,-100,-100,-100,-100,-100,1,32,35,34,-100
5,12,-100,-100,-100,-100,-100,-100,-100,-100,-100,-100,-100,-100,0,1,7,9,12
6,29,31,33,45,49,-100,-100,-100,-100,-100,-100,-100,-100,3,29,-100,-100,-100
7,45,49,-100,-100,-100,-100,-100,-100,-100,-100,-100,-100,-100,1,43,2,45,-100
8,14,16,17,31,33,49,-100,-100,-100,-100,-100,-100,-100,3,14,-100,-100,-100
9,16,17,31,33,49,-100,-100,-100,-100,-100,-100,-100,-100,2,10,16,-100,-100
10,49,-100,-100,-100,-100,-100,-100,-100,-100,-100,-100,-100,-100,1,46,3,49,-100
11,17,31,33,-100,-100,-100,-100,-100,-100,-100,-100,-100,-100,3,17,-100,-100,-100
12,31,33,-100,-100,-100,-100,-100,-100,-100,-100,-100,-100,-100,1,44,11,31,-100
13,33,-100,-100,-100,-100,-100,-100,-100,-100,-100,-100,-100,-100,1,27,8,33,-100
1,40,-100,-100,-100,-100,-100,-100,-100,-100,-100,-100,-100,-100,3,40,-100,-100,-100
2,46,47,48,51,-100,-100,-100,-100,-100,-100,-100,-100,-100,1,44,50,51,-100
3,5,29,46,47,48,-100,-100,-100,-100,-100,-100,-100,-100,3,29,-100,-100,-100
4,46,47,48,-100,-100,-100,-100,-100,-100,-100,-100,-100,-100,1,43,41,46,-100
5,5,47,48,-100,-100,-100,-100,-100,-100,-100,-100,-100,-100,3,47,-100,-100,-100
6,5,16,17,18,20,21,25,48,-100,-100,-100,-100,-100,2,28,16,-100,-100
7,5,-100,-100,-100,-100,-100,-100,-100,-100,-100,-100,-100,-100,1,13,12,5,-100
8,17,18,20,21,25,-100,-100,-100,-100,-100,-100,-100,-100,1,19,22,25,-100
9,17,18,20,21,48,-100,-100,-100,-100,-100,-100,-100,-100,3,17,-100,-100,-100
10,18,20,21,48,-100,-100,-100,-100,-100,-100,-100,-100,-100,0,32,37,35,18
11,20,21,-100,-100,-100,-100,-100,-100,-100,-100,-100,-100,-100,1,14,8,20,-100
12,21,48,-100,-100,-100,-100,-100,-100,-100,-100,-100,-100,-100,3,48,-100,-100,-100
13,21,-100,-100,-100,-100,-100,-100,-100,-100,-100,-100,-100,-100,3,21,-100,-100,-100
1,40,-100,-100,-100,-100,-100,-100,-100,-100,-100,-100,-100,-100,3,40,-100,-100,-100
2,8,9,-100,-100,-100,-100,-100,-100,-100,-100,-100,-100,-100,0,2,11,1,9
3,29,35,36,-100,-100,-100,-100,-100,-100,-100,-100,-100,-100,1,31,33,29,-100
4,43,45,48,-100,-100,-100,-100,-100,-100,-100,-100,-100,-100,0,44,42,21,43
5,14,20,22,23,-100,-100,-100,-100,-100,-100,-100,-100,-100,0,17,46,26,14
6,20,22,23,-100,-100,-100,-100,-100,-100,-100,-100,-100,-100,2,15,20,-100,-100
7,45,48,-100,-100,-100,-100,-100,-100,-100,-100,-100,-100,-100,0,49,50,5,48
8,35,36,-100,-100,-100,-100,-100,-100,-100,-100,-100,-100,-100,1,38,27,36,-100
9,35,-100,-100,-100,-100,-100,-100,-100,-100,-100,-100,-100,-100,1,28,32,35,-100
10,8,22,23,45,-100,-100,-100,-100,-100,-100,-100,-100,-100,3,45,-100,-100,-100
11,8,22,23,-100,-100,-100,-100,-100,-100,-100,-100,-100,-100,3,8,-100,-100,-100
12,22,23,-100,-100,-100,-100,-100,-100,-100,-100,-100,-100,-100,0,18,51,19,22
13,23,-100,-100,-100,-100,-100,-100,-100,-100,-100,-100,-100,-100,3,23,-100,-100,-100
1,41,44,46,-100,-100,-100,-100,-100,-100,-100,-100,-100,-100,0,40,48,49,46
2,41,44,-100,-100,-100,-100,-100,-100,-100,-100,-100,-100,-100,2,50,41,-100,-100
3,3,5,10,-100,-100,-100,-100,-100,-100,-100,-100,-100,-100,2,4,3,-100,-100
4,5,10,-100,-100,-100,-100,-100,-100,-100,-100,-100,-100,-100,1,8,11,10,-100
5,28,31,33,-100,-100,-100,-100,-100,-100,-100,-100,-100,-100,0,38,27,34,33
6,28,31,-100,-100,-100,-100,-100,-100,-100,-100,-100,-100,-100,0,36,29,30,28
7,5,-100,-100,-100,-100,-100,-100,-100,-100,-100,-100,-100,-100,0,7,6,9,5
8,14,16,21,22,31,44,-100,-100,-100,-100,-100,-100,-100,2,2,14,-100,-100
9,16,21,22,-100,-100,-100,-100,-100,-100,-100,-100,-100,-100,2,19,16,-100,-100
10,31,-100,-100,-100,-100,-100,-100,-100,-100,-100,-100,-100,-100,0,37,35,32,31
11,21,22,-100,-100,-100,-100,-100,-100,-100,-100,-100,-100,-100,0,20,26,25,21
12,44,-100,-100,-100,-100,-100,-100,-100,-100,-100,-100,-100,-100,1,42,47,44,-100
13,22,-100,-100,-100,-100,-100,-100,-100,-100,-100,-100,-100,-100,0,24,52,18,22
1,40,-100,-100,-100,-100,-100,-100,-100,-100,-100,-100,-100,-100,3,40,-100,-100,-100
2,1,2,3,6,-100,-100,-100,-100,-100,-100,-100,-100,-100,1,12,8,1,-100
3,2,3,6,-100,-100,-100,-100,-100,-100,-100,-100,-100,-100,1,13,26,2,-100
4,14,17,21,22,23,-100,-100,-100,-100,-100,-100,-100,-100,1,20,25,14,-100
5,3,6,17,21,22,23,30,34,36,-100,-100,-100,-100,2,41,17,-100,-100
6,3,6,21,22,23,30,34,36,-100,-100,-100,-100,-100,0,47,10,50,23
7,3,6,21,22,30,34,36,-100,-100,-100,-100,-100,-100,2,43,21,-100,-100
8,3,6,22,30,34,36,-100,-100,-100,-100,-100,-100,-100,0,45,15,48,22
9,30,34,36,-100,-100,-100,-100,-100,-100,-100,-100,-100,-100,2,35,30,-100,-100
10,3,6,34,36,-100,-100,-100,-100,-100,-100,-100,-100,-100,1,24,33,34,-100
11,3,6,-100,-100,-100,-100,-100,-100,-100,-100,-100,-100,-100,1,9,42,3,-100
12,36,-100,-100,-100,-100,-100,-100,-100,-100,-100,-100,-100,-100,0,28,31,38,36
13,6,-100,-100,-100,-100,-100,-100,-100,-100,-100,-100,-100,-100,2,39,6,-100,-100
1,45,-100,-100,-100,-100,-100,-100,-100,-100,-100,-100,-100,-100,2,40,45,-100,-100
2,2,6,13,-100,-100,-100,-100,-100,-100,-100,-100,-100,-100,1,11,4,13,-100
3,2,6,30,31,-100,-100,-100,-100,-100,-100,-100,-100,-100,3,30,-100,-100,-100
4,2,6,14,15,16,19,20,22,24,31,-100,-100,-100,0,51,41,49,14
5,31,-100,-100,-100,-100,-100,-100,-100,-100,-100,-100,-100,-100,0,35,29,21,31
6,2,6,-100,-100,-100,-100,-100,-100,-100,-100,-100,-100,-100,0,9,18,1,2
7,6,-100,-100,-100,-100,-100,-100,-100,-100,-100,-100,-100,-100,0,7,26,5,6
8,15,16,19,20,22,24,-100,-100,-100,-100,-100,-100,-100,0,34,28,10,15
9,16,19,20,22,24,-100,-100,-100,-100,-100,-100,-100,-100,0,32,39,43,16
10,19,20,22,24,-100,-100,-100,-100,-100,-100,-100,-100,-100,1,44,48,19,-100
11,20,22,24,-100,-100,-100,-100,-100,-100,-100,-100,-100,-100,2,12,20,-100,-100
12,22,24,-100,-100,-100,-100,-100,-100,-100,-100,-100,-100,-100,2,50,22,-100,-100
13,24,-100,-100,-100,-100,-100,-100,-100,-100,-100,-100,-100,-100,2,25,24,-100,-100
1,41,50,52,-100,-100,-100,-100,-100,-100,-100,-100,-100,-100,0,40,49,44,52
2,1,4,6,10,12,28,32,33,37,41,50,-100,-100,3,1,-100,-100,-100
3,4,6,10,12,-100,-100,-100,-100,-100,-100,-100,-100,-100,1,11,3,12,-100
4,4,6,10,28,32,33,37,41,50,-100,-100,-100,-100,3,28,-100,-100,-100
5,41,50,-100,-100,-100,-100,-100,-100,-100,-100,-100,-100,-100,1,46,42,41,-100
6,50,-100,-100,-100,-100,-100,-100,-100,-100,-100,-100,-100,-100,0,43,9,26,50
7,4,6,10,25,32,33,37,-100,-100,-100,-100,-100,-100,3,4,-100,-100,-100
8,6,10,-100,-100,-100,-100,-100,-100,-100,-100,-100,-100,-100,1,2,14,6,-100
9,10,25,32,33,37,-100,-100,-100,-100,-100,-100,-100,-100,3,32,-100,-100,-100
10,25,-100,-100,-100,-100,-100,-100,-100,-100,-100,-100,-100,-100,2,24,25,-100,-100
11,10,33,37,-100,-100,-100,-100,-100,-100,-100,-100,-100,-100,3,33,-100,-100,-100
12,37,-100,-100,-100,-100,-100,-100,-100,-100,-100,-100,-100,-100,2,30,37,-100,-100
13,10,-100,-100,-100,-100,-100,-100,-100,-100,-100,-100,-100,-100,3,10,-100,-100,-100
1,40,-100,-100,-100,-100,-100,-100,-100,-100,-100,-100,-100,-100,3,40,-100,-100,-100
2,1,5,6,-100,-100,-100,-100,-100,-100,-100,-100,-100,-100,1,10,8,1,-100
3,27,35,38,-100,-100,-100,-100,-100,-100,-100,-100,-100,-100,1,34,30,27,-100
4,50,-100,-100,-100,-100,-100,-100,-100,-100,-100,-100,-100,-100,0,44,41,46,50
5,5,6,35,38,-100,-100,-100,-100,-100,-100,-100,-100,-100,3,5,-100,-100,-100
6,6,-100,-100,-100,-100,-100,-100,-100,-100,-100,-100,-100,-100,2,2,6,-100,-100
7,16,17,18,19,20,35,38,-100,-100,-100,-100,-100,-100,1,42,45,16,-100
8,35,38,-100,-100,-100,-100,-100,-100,-100,-100,-100,-100,-100,0,31,32,33,38
9,17,18,19,20,35,-100,-100,-100,-100,-100,-100,-100,-100,3,17,-100,-100,-100
10,35,-100,-100,-100,-100,-100,-100,-100,-100,-100,-100,-100,-100,0,29,23,28,35
11,18,19,20,-100,-100,-100,-100,-100,-100,-100,-100,-100,-100,3,18,-100,-100,-100
12,19,20,-100,-100,-100,-100,-100,-100,-100,-100,-100,-100,-100,2,14,19,-100,-100
13,20,-100,-100,-100,-100,-100,-100,-100,-100,-100,-100,-100,-100,1,52,47,20,-100
1,43,47,48,-100,-100,-100,-100,-100,-100,-100,-100,-100,-100,2,40,48,-100,-100
2,27,29,30,34,36,-100,-100,-100,-100,-100,-100,-100,-100,1,32,33,27,-100
3,43,47,-100,-100,-100,-100,-100,-100,-100,-100,-100,-100,-100,2,41,43,-100,-100
4,47,-100,-100,-100,-100,-100,-100,-100,-100,-100,-100,-100,-100,1,52,44,47,-100
5,3,11,-100,-100,-100,-100,-100,-100,-100,-100,-100,-100,-100,1,5,7,3,-100
6,11,-100,-100,-100,-100,-100,-100,-100,-100,-100,-100,-100,-100,2,12,11,-100,-100
7,29,30,34,36,-100,-100,-100,-100,-100,-100,-100,-100,-100,2,35,34,-100,-100
8,29,30,36,-100,-100,-100,-100,-100,-100,-100,-100,-100,-100,1,39,37,29,-100
9,16,19,20,30,36,-100,-100,-100,-100,-100,-100,-100,-100,1,4,9,16,-100
10,19,20,30,36,-100,-100,-100,-100,-100,-100,-100,-100,-100,2,45,19,-100,-100
11,20,30,36,-100,-100,-100,-100,-100,-100,-100,-100,-100,-100,2,6,20,-100,-100
12,30,36,-100,-100,-100,-100,-100,-100,-100,-100,-100,-100,-100,0,25,15,14,30
13,36,-100,-100,-100,-100,-100,-100,-100,-100,-100,-100,-100,-100,0,26,24,23,36
1,42,47,-100,-100,-100,-100,-100,-100,-100,-100,-100,-100,-100,1,40,50,47,-100
2,30,33,-100,-100,-100,-100,-100,-100,-100,-100,-100,-100,-100,0,32,37,38,33
3,30,-100,-100,-100,-100,-100,-100,-100,-100,-100,-100,-100,-100,2,27,30,-100,-100
4,1,2,6,11,-100,-100,-100,-100,-100,-100,-100,-100,-100,0,13,12,8,1
5,2,6,11,-100,-100,-100,-100,-100,-100,-100,-100,-100,-100,0,5,9,3,2
6,6,11,14,16,21,22,23,42,-100,-100,-100,-100,-100,1,35,36,14,-100
7,16,21,22,23,-100,-100,-100,-100,-100,-100,-100,-100,-100,2,26,16,-100,-100
8,21,22,23,-100,-100,-100,-100,-100,-100,-100,-100,-100,-100,2,18,23,-100,-100
9,6,11,-100,-100,-100,-100,-100,-100,-100,-100,-100,-100,-100,0,4,46,10,11
10,6,21,22,42,-100,-100,-100,-100,-100,-100,-100,-100,-100,3,42,-100,-100,-100
11,6,21,22,-100,-100,-100,-100,-100,-100,-100,-100,-100,-100,1,48,43,21,-100
12,6,22,-100,-100,-100,-100,-100,-100,-100,-100,-100,-100,-100,1,44,15,22,-100
13,6,-100,-100,-100,-100,-100,-100,-100,-100,-100,-100,-100,-100,1,31,25,6,-100
1,42,45,48,-100,-100,-100,-100,-100,-100,-100,-100,-100,-100,1,40,52,48,-100
2,27,30,32,38,-100,-100,-100,-100,-100,-100,-100,-100,-100,2,28,27,-100,-100
3,30,32,38,-100,-100,-100,-100,-100,-100,-100,-100,-100,-100,0,35,34,31,32
4,42,45,-100,-100,-100,-100,-100,-100,-100,-100,-100,-100,-100,0,51,43,49,45
5,42,-100,-100,-100,-100,-100,-100,-100,-100,-100,-100,-100,-100,0,50,44,46,42
6,30,38,-100,-100,-100,-100,-100,-100,-100,-100,-100,-100,-100,0,33,39,9,38
7,1,11,-100,-100,-100,-100,-100,-100,-100,-100,-100,-100,-100,1,8,10,1,-100
8,11,-100,-100,-100,-100,-100,-100,-100,-100,-100,-100,-100,-100,2,2,11,-100,-100
9,30,-100,-100,-100,-100,-100,-100,-100,-100,-100,-100,-100,-100,0,29,12,24,30
10,14,16,18,21,-100,-100,-100,-100,-100,-100,-100,-100,-100,3,14,-100,-100,-100
11,16,18,21,-100,-100,-100,-100,-100,-100,-100,-100,-100,-100,0,22,19,20,21
12,16,18,-100,-100,-100,-100,-100,-100,-100,-100,-100,-100,-100,0,17,5,6,16
13,18,-100,-100,-100,-100,-100,-100,-100,-100,-100,-100,-100,-100,0,15,7,41,18
1,40,-100,-100,-100,-100,-100,-100,-100,-100,-100,-100,-100,-100,3,40,-100,-100,-100
2,30,31,36,37,-100,-100,-100,-100,-100,-100,-100,-100,-100,0,29,33,38,37
3,18,20,22,26,30,31,36,41,42,45,52,-100,-100,2,13,26,-100,-100
4,18,20,22,30,31,36,41,42,45,52,-100,-100,-100,2,10,18,-100,-100
5,20,22,-100,-100,-100,-100,-100,-100,-100,-100,-100,-100,-100,2,23,20,-100,-100
6,22,30,31,36,41,42,45,52,-100,-100,-100,-100,-100,2,8,22,-100,-100
7,30,31,36,41,42,45,52,-100,-100,-100,-100,-100,-100,2,25,41,-100,-100
8,30,31,36,-100,-100,-100,-100,-100,-100,-100,-100,-100,-100,2,34,30,-100,-100
9,31,36,42,45,52,-100,-100,-100,-100,-100,-100,-100,-100,0,5,12,9,36
10,31,42,45,52,-100,-100,-100,-100,-100,-100,-100,-100,-100,1,16,19,42,-100
11,45,52,-100,-100,-100,-100,-100,-100,-100,-100,-100,-100,-100,2,44,45,-100,-100
12,31,52,-100,-100,-100,-100,-100,-100,-100,-100,-100,-100,-100,0,11,17,27,52
13,31,-100,-100,-100,-100,-100,-100,-100,-100,-100,-100,-100,-100,0,39,49,46,31
1,40,-100,-100,-100,-100,-100,-100,-100,-100,-100,-100,-100,-100,3,40,-100,-100,-100
2,3,4,9,13,-100,-100,-100,-100,-100,-100,-100,-100,-100,0,7,2,11,9
3,3,4,13,-100,-100,-100,-100,-100,-100,-100,-100,-100,-100,2,6,13,-100,-100
4,3,4,27,28,32,34,36,45,50,52,-100,-100,-100,3,27,-100,-100,-100
5,3,4,-100,-100,-100,-100,-100,-100,-100,-100,-100,-100,-100,2,10,4,-100,-100
6,45,50,52,-100,-100,-100,-100,-100,-100,-100,-100,-100,-100,2,46,45,-100,-100
7,28,32,34,36,-100,-100,-100,-100,-100,-100,-100,-100,-100,0,38,33,31,28
8,32,34,36,-100,-100,-100,-100,-100,-100,-100,-100,-100,-100,0,39,21,49,36
9,3,32,34,50,52,-100,-100,-100,-100,-100,-100,-100,-100,0,20,19,25,50
10,3,32,34,52,-100,-100,-100,-100,-100,-100,-100,-100,-100,2,23,52,-100,-100
11,3,32,34,-100,-100,-100,-100,-100,-100,-100,-100,-100,-100,2,26,32,-100,-100
12,3,34,-100,-100,-100,-100,-100,-100,-100,-100,-100,-100,-100,2,24,34,-100,-100
13,3,-100,-100,-100,-100,-100,-100,-100,-100,-100,-100,-100,-100,2,16,3,-100,-100
1,40,-100,-100,-100,-100,-100,-100,-100,-100,-100,-100,-100,-100,3,40,-100,-100,-100
2,28,32,34,39,-100,-100,-100,-100,-100,-100,-100,-100,-100,0,35,33,30,34
3,41,45,48,50,-100,-100,-100,-100,-100,-100,-100,-100,-100,0,51,7,49,41
4,45,48,50,-100,-100,-100,-100,-100,-100,-100,-100,-100,-100,0,52,29,11,50
5,45,48,-100,-100,-100,-100,-100,-100,-100,-100,-100,-100,-100,0,42,24,10,45
6,5,17,19,23,28,32,39,48,-100,-100,-100,-100,-100,3,28,-100,-100,-100
7,17,19,23,-100,-100,-100,-100,-100,-100,-100,-100,-100,-100,0,22,16,25,23
8,32,39,-100,-100,-100,-100,-100,-100,-100,-100,-100,-100,-100,2,31,32,-100,-100
9,5,17,19,39,48,-100,-100,-100,-100,-100,-100,-100,-100,3,17,-100,-100,-100
10,5,-100,-100,-100,-100,-100,-100,-100,-100,-100,-100,-100,-100,0,1,2,36,5
11,19,39,48,-100,-100,-100,-100,-100,-100,-100,-100,-100,-100,3,48,-100,-100,-100
12,19,39,-100,-100,-100,-100,-100,-100,-100,-100,-100,-100,-100,3,19,-100,-100,-100
13,39,-100,-100,-100,-100,-100,-100,-100,-100,-100,-100,-100,-100,3,39,-100,-100,-100
1,40,-100,-100,-100,-100,-100,-100,-100,-100,-100,-100,-100,-100,3,40,-100,-100,-100
2,3,9,12,-100,-100,-100,-100,-100,-100,-100,-100,-100,-100,0,13,1,10,12
3,28,30,31,34,-100,-100,-100,-100,-100,-100,-100,-100,-100,0,36,35,32,34
4,3,9,-100,-100,-100,-100,-100,-100,-100,-100,-100,-100,-100,0,4,7,11,9
5,47,48,52,-100,-100,-100,-100,-100,-100,-100,-100,-100,-100,2,41,47,-100,-100
6,3,28,30,31,48,52,-100,-100,-100,-100,-100,-100,-100,3,28,-100,-100,-100
7,17,24,-100,-100,-100,-100,-100,-100,-100,-100,-100,-100,-100,2,20,24,-100,-100
8,3,-100,-100,-100,-100,-100,-100,-100,-100,-100,-100,-100,-100,1,8,2,3,-100
9,17,-100,-100,-100,-100,-100,-100,-100,-100,-100,-100,-100,-100,1,22,14,17,-100
10,30,31,48,52,-100,-100,-100,-100,-100,-100,-100,-100,-100,1,16,15,48,-100
11,30,31,-100,-100,-100,-100,-100,-100,-100,-100,-100,-100,-100,0,33,45,39,31
12,52,-100,-100,-100,-100,-100,-100,-100,-100,-100,-100,-100,-100,2,46,52,-100,-100
13,30,-100,-100,-100,-100,-100,-100,-100,-100,-100,-100,-100,-100,3,30,-100,-100,-100
1,40,-100,-100,-100,-100,-100,-100,-100,-100,-100,-100,-100,-100,3,40,-100,-100,-100
2,3,6,7,12,-100,-100,-100,-100,-100,-100,-100,-100,-100,1,13,11,12,-100
3,43,46,-100,-100,-100,-100,-100,-100,-100,-100,-100,-100,-100,1,49,50,46,-100
4,3,6,7,-100,-100,-100,-100,-100,-100,-100,-100,-100,-100,0,8,5,4,7
5,27,30,33,36,-100,-100,-100,-100,-100,-100,-100,-100,-100,0,35,39,34,27
6,43,-100,-100,-100,-100,-100,-100,-100,-100,-100,-100,-100,-100,1,42,48,43,-100
7,3,6,-100,-100,-100,-100,-100,-100,-100,-100,-100,-100,-100,2,2,3,-100,-100
8,6,15,17,30,33,36,-100,-100,-100,-100,-100,-100,-100,3,15,-100,-100,-100
9,6,-100,-100,-100,-100,-100,-100,-100,-100,-100,-100,-100,-100,2,10,6,-100,-100
10,30,33,36,-100,-100,-100,-100,-100,-100,-100,-100,-100,-100,2,38,30,-100,-100
11,33,36,-100,-100,-100,-100,-100,-100,-100,-100,-100,-100,-100,2,31,33,-100,-100
12,17,36,-100,-100,-100,-100,-100,-100,-100,-100,-100,-100,-100,3,17,-100,-100,-100
13,36,-100,-100,-100,-100,-100,-100,-100,-100,-100,-100,-100,-100,0,29,41,21,36
1,40,-100,-100,-100,-100,-100,-100,-100,-100,-100,-100,-100,-100,3,40,-100,-100,-100
2,1,5,6,11,12,-100,-100,-100,-100,-100,-100,-100,-100,1,8,9,1,-100
3,14,21,-100,-100,-100,-100,-100,-100,-100,-100,-100,-100,-100,2,15,14,-100,-100
4,5,6,11,12,-100,-100,-100,-100,-100,-100,-100,-100,-100,1,4,3,11,-100
5,5,6,12,21,32,34,44,46,48,-100,-100,-100,-100,3,44,-100,-100,-100
6,21,-100,-100,-100,-100,-100,-100,-100,-100,-100,-100,-100,-100,2,25,21,-100,-100
7,46,48,-100,-100,-100,-100,-100,-100,-100,-100,-100,-100,-100,2,51,46,-100,-100
8,32,34,-100,-100,-100,-100,-100,-100,-100,-100,-100,-100,-100,2,39,32,-100,-100
9,34,-100,-100,-100,-100,-100,-100,-100,-100,-100,-100,-100,-100,2,38,34,-100,-100
10,48,-100,-100,-100,-100,-100,-100,-100,-100,-100,-100,-100,-100,2,45,48,-100,-100
11,5,6,12,-100,-100,-100,-100,-100,-100,-100,-100,-100,-100,3,5,-100,-100,-100
12,6,12,-100,-100,-100,-100,-100,-100,-100,-100,-100,-100,-100,1,10,24,6,-100
13,12,-100,-100,-100,-100,-100,-100,-100,-100,-100,-100,-100,-100,1,20,23,12,-100
1,46,47,48,-100,-100,-100,-100,-100,-100,-100,-100,-100,-100,0,40,49,51,48
2,3,5,7,8,-100,-100,-100,-100,-100,-100,-100,-100,-100,2,9,8,-100,-100
3,27,31,36,-100,-100,-100,-100,-100,-100,-100,-100,-100,-100,1,38,35,27,-100
4,31,36,-100,-100,-100,-100,-100,-100,-100,-100,-100,-100,-100,1,33,39,36,-100
5,46,47,-100,-100,-100,-100,-100,-100,-100,-100,-100,-100,-100,2,43,46,-100,-100
6,3,5,7,-100,-100,-100,-100,-100,-100,-100,-100,-100,-100,0,11,10,21,7
7,3,5,-100,-100,-100,-100,-100,-100,-100,-100,-100,-100,-100,0,4,13,18,5
8,31,-100,-100,-100,-100,-100,-100,-100,-100,-100,-100,-100,-100,1,37,34,31,-100
9,14,17,22,-100,-100,-100,-100,-100,-100,-100,-100,-100,-100,1,26,20,14,-100
10,3,17,22,47,-100,-100,-100,-100,-100,-100,-100,-100,-100,1,30,28,17,-100
11,3,-100,-100,-100,-100,-100,-100,-100,-100,-100,-100,-100,-100,1,6,45,3,-100
12,22,-100,-100,-100,-100,-100,-100,-100,-100,-100,-100,-100,-100,1,24,16,22,-100
13,47,-100,-100,-100,-100,-100,-100,-100,-100,-100,-100,-100,-100,1,42,19,47,-100
1,40,-100,-100,-100,-100,-100,-100,-100,-100,-100,-100,-100,-100,3,40,-100,-100,-100
2,1,3,-100,-100,-100,-100,-100,-100,-100,-100,-100,-100,-100,0,6,5,9,1
3,28,29,31,36,37,-100,-100,-100,-100,-100,-100,-100,-100,2,34,31,-100,-100
4,28,29,36,37,-100,-100,-100,-100,-100,-100,-100,-100,-100,1,39,33,37,-100
5,3,-100,-100,-100,-100,-100,-100,-100,-100,-100,-100,-100,-100,1,8,11,3,-100
6,28,29,36,-100,-100,-100,-100,-100,-100,-100,-100,-100,-100,2,27,28,-100,-100
7,17,24,29,36,41,42,45,-100,-100,-100,-100,-100,-100,3,41,-100,-100,-100
8,17,24,29,36,42,45,-100,-100,-100,-100,-100,-100,-100,1,13,12,17,-100
9,42,45,-100,-100,-100,-100,-100,-100,-100,-100,-100,-100,-100,1,52,21,42,-100
10,24,29,36,45,-100,-100,-100,-100,-100,-100,-100,-100,-100,1,7,4,24,-100
11,29,36,45,-100,-100,-100,-100,-100,-100,-100,-100,-100,-100,1,26,20,29,-100
12,36,45,-100,-100,-100,-100,-100,-100,-100,-100,-100,-100,-100,1,18,14,45,-100
13,36,-100,-100,-100,-100,-100,-100,-100,-100,-100,-100,-100,-100,0,16,25,30,36
1,41,45,46,48,-100,-100,-100,-100,-100,-100,-100,-100,-100,1,40,44,48,-100
2,41,45,46,-100,-100,-100,-100,-100,-100,-100,-100,-100,-100,0,47,50,32,41
3,29,34,-100,-100,-100,-100,-100,-100,-100,-100,-100,-100,-100,1,39,27,34,-100
4,45,46,-100,-100,-100,-100,-100,-100,-100,-100,-100,-100,-100,1,51,38,46,-100
5,1,2,10,12,-100,-100,-100,-100,-100,-100,-100,-100,-100,1,3,5,1,-100
6,29,-100,-100,-100,-100,-100,-100,-100,-100,-100,-100,-100,-100,0,31,30,35,29
7,2,10,12,-100,-100,-100,-100,-100,-100,-100,-100,-100,-100,2,6,2,-100,-100
8,10,12,-100,-100,-100,-100,-100,-100,-100,-100,-100,-100,-100,0,11,4,13,12
9,10,15,19,22,45,-100,-100,-100,-100,-100,-100,-100,-100,2,28,15,-100,-100
10,19,22,-100,-100,-100,-100,-100,-100,-100,-100,-100,-100,-100,0,24,21,26,19
11,22,-100,-100,-100,-100,-100,-100,-100,-100,-100,-100,-100,-100,2,14,22,-100,-100
12,10,45,-100,-100,-100,-100,-100,-100,-100,-100,-100,-100,-100,0,20,52,23,45
13,10,-100,-100,-100,-100,-100,-100,-100,-100,-100,-100,-100,-100,2,36,10,-100,-100
1,43,46,-100,-100,-100,-100,-100,-100,-100,-100,-100,-100,-100,0,40,44,50,46
2,3,6,-100,-100,-100,-100,-100,-100,-100,-100,-100,-100,-100,2,7,6,-100,-100
3,3,-100,-100,-100,-100,-100,-100,-100,-100,-100,-100,-100,-100,1,8,1,3,-100
4,27,28,29,30,-100,-100,-100,-100,-100,-100,-100,-100,-100,1,36,38,27,-100
5,43,-100,-100,-100,-100,-100,-100,-100,-100,-100,-100,-100,-100,2,52,43,-100,-100
6,16,19,20,21,24,28,29,30,-100,-100,-100,-100,-100,2,48,16,-100,-100
7,19,20,21,24,-100,-100,-100,-100,-100,-100,-100,-100,-100,2,25,19,-100,-100
8,20,21,24,28,29,30,-100,-100,-100,-100,-100,-100,-100,0,2,10,13,24
9,20,21,28,29,30,-100,-100,-100,-100,-100,-100,-100,-100,2,51,20,-100,-100
10,21,28,29,30,-100,-100,-100,-100,-100,-100,-100,-100,-100,2,11,21,-100,-100
11,28,29,30,-100,-100,-100,-100,-100,-100,-100,-100,-100,-100,2,39,28,-100,-100
12,29,30,-100,-100,-100,-100,-100,-100,-100,-100,-100,-100,-100,2,45,29,-100,-100
13,30,-100,-100,-100,-100,-100,-100,-100,-100,-100,-100,-100,-100,2,18,30,-100,-100
1,42,43,45,47,-100,-100,-100,-100,-100,-100,-100,-100,-100,0,40,48,44,47
2,15,16,17,19,21,23,28,33,36,42,43,45,-100,1,11,12,15,-100
3,28,33,36,-100,-100,-100,-100,-100,-100,-100,-100,-100,-100,2,38,28,-100,-100
4,42,43,45,-100,-100,-100,-100,-100,-100,-100,-100,-100,-100,2,41,42,-100,-100
5,16,17,19,21,23,33,36,43,45,-100,-100,-100,-100,0,8,7,10,23
6,16,17,19,21,33,36,43,45,-100,-100,-100,-100,-100,2,9,16,-100,-100
7,33,36,-100,-100,-100,-100,-100,-100,-100,-100,-100,-100,-100,2,35,33,-100,-100
8,17,19,21,36,43,45,-100,-100,-100,-100,-100,-100,-100,1,3,13,17,-100
9,19,21,36,43,45,-100,-100,-100,-100,-100,-100,-100,-100,2,1,19,-100,-100
10,21,-100,-100,-100,-100,-100,-100,-100,-100,-100,-100,-100,-100,1,20,50,21,-100
11,43,45,-100,-100,-100,-100,-100,-100,-100,-100,-100,-100,-100,0,52,37,30,43
12,45,-100,-100,-100,-100,-100,-100,-100,-100,-100,-100,-100,-100,0,51,26,27,45
13,36,-100,-100,-100,-100,-100,-100,-100,-100,-100,-100,-100,-100,0,18,24,29,36
1,43,44,45,46,-100,-100,-100,-100,-100,-100,-100,-100,-100,0,40,52,50,46
2,43,44,45,-100,-100,-100,-100,-100,-100,-100,-100,-100,-100,1,47,51,45,-100
3,27,33,-100,-100,-100,-100,-100,-100,-100,-100,-100,-100,-100,2,34,27,-100,-100
4,43,44,-100,-100,-100,-100,-100,-100,-100,-100,-100,-100,-100,1,48,12,44,-100
5,33,-100,-100,-100,-100,-100,-100,-100,-100,-100,-100,-100,-100,1,39,28,33,-100
6,43,-100,-100,-100,-100,-100,-100,-100,-100,-100,-100,-100,-100,1,49,18,43,-100
7,15,20,23,-100,-100,-100,-100,-100,-100,-100,-100,-100,-100,1,25,17,15,-100
8,2,3,8,13,-100,-100,-100,-100,-100,-100,-100,-100,-100,1,6,11,2,-100
9,3,8,13,-100,-100,-100,-100,-100,-100,-100,-100,-100,-100,2,5,3,-100,-100
10,8,13,20,23,-100,-100,-100,-100,-100,-100,-100,-100,-100,2,30,20,-100,-100
11,8,13,-100,-100,-100,-100,-100,-100,-100,-100,-100,-100,-100,0,1,21,7,8
12,13,23,-100,-100,-100,-100,-100,-100,-100,-100,-100,-100,-100,3,23,-100,-100,-100
13,13,-100,-100,-100,-100,-100,-100,-100,-100,-100,-100,-100,-100,0,29,41,14,13
1,43,50,51,-100,-100,-100,-100,-100,-100,-100,-100,-100,-100,1,40,47,51,-100
2,27,28,30,33,35,43,50,-100,-100,-100,-100,-100,-100,3,27,-100,-100,-100
3,28,30,33,35,-100,-100,-100,-100,-100,-100,-100,-100,-100,0,36,29,37,28
4,15,17,19,21,26,30,33,35,43,50,-100,-100,-100,2,8,15,-100,-100
5,17,19,21,26,-100,-100,-100,-100,-100,-100,-100,-100,-100,0,23,14,12,17
6,43,50,-100,-100,-100,-100,-100,-100,-100,-100,-100,-100,-100,0,46,49,52,50
7,19,21,26,30,33,35,43,-100,-100,-100,-100,-100,-100,2,5,19,-100,-100
8,30,33,35,-100,-100,-100,-100,-100,-100,-100,-100,-100,-100,0,38,24,32,30
9,21,26,33,35,43,-100,-100,-100,-100,-100,-100,-100,-100,0,4,1,7,26
10,21,33,35,43,-100,-100,-100,-100,-100,-100,-100,-100,-100,2,3,21,-100,-100
11,43,-100,-100,-100,-100,-100,-100,-100,-100,-100,-100,-100,-100,2,48,43,-100,-100
12,33,35,-100,-100,-100,-100,-100,-100,-100,-100,-100,-100,-100,2,2,33,-100,-100
13,35,-100,-100,-100,-100,-100,-100,-100,-100,-100,-100,-100,-100,2,11,35,-100,-100
1,40,-100,-100,-100,-100,-100,-100,-100,-100,-100,-100,-100,-100,3,40,-100,-100,-100
2,31,33,-100,-100,-100,-100,-100,-100,-100,-100,-100,-100,-100,2,36,33,-100,-100
3,31,-100,-100,-100,-100,-100,-100,-100,-100,-100,-100,-100,-100,1,30,28,31,-100
4,7,8,12,41,44,48,-100,-100,-100,-100,-100,-100,-100,3,41,-100,-100,-100
5,7,8,12,14,16,18,19,44,48,-100,-100,-100,-100,1,37,38,14,-100
6,7,8,12,-100,-100,-100,-100,-100,-100,-100,-100,-100,-100,2,13,7,-100,-100
7,16,18,19,-100,-100,-100,-100,-100,-100,-100,-100,-100,-100,2,23,16,-100,-100
8,8,12,-100,-100,-100,-100,-100,-100,-100,-100,-100,-100,-100,2,2,8,-100,-100
9,12,18,19,44,48,-100,-100,-100,-100,-100,-100,-100,-100,3,44,-100,-100,-100
10,18,19,-100,-100,-100,-100,-100,-100,-100,-100,-100,-100,-100,2,20,18,-100,-100
11,19,-100,-100,-100,-100,-100,-100,-100,-100,-100,-100,-100,-100,2,22,19,-100,-100
12,12,-100,-100,-100,-100,-100,-100,-100,-100,-100,-100,-100,-100,1,1,32,12,-100
13,48,-100,-100,-100,-100,-100,-100,-100,-100,-100,-100,-100,-100,3,48,-100,-100,-100
1,44,50,51,-100,-100,-100,-100,-100,-100,-100,-100,-100,-100,1,40,52,51,-100
2,44,50,-100,-100,-100,-100,-100,-100,-100,-100,-100,-100,-100,2,47,50,-100,-100
3,2,7,9,10,27,28,44,-100,-100,-100,-100,-100,-100,3,27,-100,-100,-100
4,2,7,9,10,-100,-100,-100,-100,-100,-100,-100,-100,-100,0,8,5,4,7
5,28,-100,-100,-100,-100,-100,-100,-100,-100,-100,-100,-100,-100,0,31,32,38,28
6,44,-100,-100,-100,-100,-100,-100,-100,-100,-100,-100,-100,-100,2,45,44,-100,-100
7,2,9,10,14,17,20,22,-100,-100,-100,-100,-100,-100,1,33,35,14,-100
8,2,9,10,-100,-100,-100,-100,-100,-100,-100,-100,-100,-100,0,6,23,3,2
9,17,20,22,-100,-100,-100,-100,-100,-100,-100,-100,-100,-100,0,25,15,19,17
10,20,22,-100,-100,-100,-100,-100,-100,-100,-100,-100,-100,-100,0,18,24,12,22
11,9,10,20,-100,-100,-100,-100,-100,-100,-100,-100,-100,-100,1,30,11,20,-100
12,9,10,-100,-100,-100,-100,-100,-100,-100,-100,-100,-100,-100,1,26,46,9,-100
13,10,-100,-100,-100,-100,-100,-100,-100,-100,-100,-100,-100,-100,1,34,42,10,-100
1,51,52,-100,-100,-100,-100,-100,-100,-100,-100,-100,-100,-100,0,40,43,50,52
2,1,8,12,30,32,34,51,-100,-100,-100,-100,-100,-100,3,30,-100,-100,-100
3,32,34,-100,-100,-100,-100,-100,-100,-100,-100,-100,-100,-100,2,29,32,-100,-100
4,51,-100,-100,-100,-100,-100,-100,-100,-100,-100,-100,-100,-100,1,47,44,51,-100
5,1,8,12,34,-100,-100,-100,-100,-100,-100,-100,-100,-100,3,1,-100,-100,-100
6,8,12,15,17,18,20,22,34,-100,-100,-100,-100,-100,1,49,10,15,-100
7,8,12,17,18,20,22,34,-100,-100,-100,-100,-100,-100,1,41,39,17,-100
8,8,12,-100,-100,-100,-100,-100,-100,-100,-100,-100,-100,-100,0,6,2,7,12
9,8,18,20,22,34,-100,-100,-100,-100,-100,-100,-100,-100,3,18,-100,-100,-100
10,34,-100,-100,-100,-100,-100,-100,-100,-100,-100,-100,-100,-100,2,38,34,-100,-100
11,20,22,-100,-100,-100,-100,-100,-100,-100,-100,-100,-100,-100,2,26,20,-100,-100
12,8,-100,-100,-100,-100,-100,-100,-100,-100,-100,-100,-100,-100,2,3,8,-100,-100
13,22,-100,-100,-100,-100,-100,-100,-100,-100,-100,-100,-100,-100,1,16,25,22,-100
1,40,-100,-100,-100,-100,-100,-100,-100,-100,-100,-100,-100,-100,3,40,-100,-100,-100
2,28,31,32,35,-100,-100,-100,-100,-100,-100,-100,-100,-100,0,36,38,27,35
3,28,31,32,-100,-100,-100,-100,-100,-100,-100,-100,-100,-100,1,37,15,28,-100
4,14,18,21,-100,-100,-100,-100,-100,-100,-100,-100,-100,-100,1,25,20,14,-100
5,31,32,-100,-100,-100,-100,-100,-100,-100,-100,-100,-100,-100,1,39,45,32,-100
6,1,13,-100,-100,-100,-100,-100,-100,-100,-100,-100,-100,-100,1,4,3,1,-100
7,48,49,51,-100,-100,-100,-100,-100,-100,-100,-100,-100,-100,0,43,5,47,51
8,13,18,21,31,48,49,-100,-100,-100,-100,-100,-100,-100,3,18,-100,-100,-100
9,13,-100,-100,-100,-100,-100,-100,-100,-100,-100,-100,-100,-100,2,2,13,-100,-100
10,21,31,48,49,-100,-100,-100,-100,-100,-100,-100,-100,-100,3,31,-100,-100,-100
11,21,-100,-100,-100,-100,-100,-100,-100,-100,-100,-100,-100,-100,0,26,16,7,21
12,48,49,-100,-100,-100,-100,-100,-100,-100,-100,-100,-100,-100,0,19,6,44,48
13,49,-100,-100,-100,-100,-100,-100,-100,-100,-100,-100,-100,-100,0,41,8,9,49
1,42,-100,-100,-100,-100,-100,-100,-100,-100,-100,-100,-100,-100,0,40,46,43,42
2,9,10,11,13,-100,-100,-100,-100,-100,-100,-100,-100,-100,1,3,12,11,-100
3,31,32,34,39,-100,-100,-100,-100,-100,-100,-100,-100,-100,2,28,31,-100,-100
4,9,10,13,19,20,22,24,32,34,39,-100,-100,-100,0,52,35,50,24
5,9,10,13,19,20,22,32,34,39,-100,-100,-100,-100,0,49,5,45,22
6,9,10,13,19,20,32,34,39,-100,-100,-100,-100,-100,0,41,7,44,20
7,19,-100,-100,-100,-100,-100,-100,-100,-100,-100,-100,-100,-100,2,16,19,-100,-100
8,32,34,39,-100,-100,-100,-100,-100,-100,-100,-100,-100,-100,1,29,37,32,-100
9,9,10,13,34,39,-100,-100,-100,-100,-100,-100,-100,-100,2,17,34,-100,-100
10,9,10,13,-100,-100,-100,-100,-100,-100,-100,-100,-100,-100,1,8,1,9,-100
11,10,13,39,-100,-100,-100,-100,-100,-100,-100,-100,-100,-100,3,10,-100,-100,-100
12,13,39,-100,-100,-100,-100,-100,-100,-100,-100,-100,-100,-100,3,39,-100,-100,-100
13,13,-100,-100,-100,-100,-100,-100,-100,-100,-100,-100,-100,-100,3,13,-100,-100,-100
1,41,42,44,48,-100,-100,-100,-100,-100,-100,-100,-100,-100,2,40,48,-100,-100
2,1,4,5,-100,-100,-100,-100,-100,-100,-100,-100,-100,-100,1,7,6,1,-100
3,4,5,-100,-100,-100,-100,-100,-100,-100,-100,-100,-100,-100,0,10,13,8,5
4,4,-100,-100,-100,-100,-100,-100,-100,-100,-100,-100,-100,-100,1,2,27,4,-100
5,29,33,-100,-100,-100,-100,-100,-100,-100,-100,-100,-100,-100,0,37,32,28,33
6,29,-100,-100,-100,-100,-100,-100,-100,-100,-100,-100,-100,-100,0,38,36,34,29
7,41,42,44,-100,-100,-100,-100,-100,-100,-100,-100,-100,-100,0,51,45,47,41
8,16,17,18,22,42,44,-100,-100,-100,-100,-100,-100,-100,0,9,3,15,16
9,17,18,22,42,44,-100,-100,-100,-100,-100,-100,-100,-100,0,35,14,39,17
10,18,22,42,44,-100,-100,-100,-100,-100,-100,-100,-100,-100,2,30,18,-100,-100
11,42,44,-100,-100,-100,-100,-100,-100,-100,-100,-100,-100,-100,0,46,20,50,42
12,22,-100,-100,-100,-100,-100,-100,-100,-100,-100,-100,-100,-100,2,25,22,-100,-100
13,44,-100,-100,-100,-100,-100,-100,-100,-100,-100,-100,-100,-100,2,24,44,-100,-100
1,40,-100,-100,-100,-100,-100,-100,-100,-100,-100,-100,-100,-100,3,40,-100,-100,-100
2,45,48,-100,-100,-100,-100,-100,-100,-100,-100,-100,-100,-100,2,42,45,-100,-100
3,1,2,4,5,11,13,-100,-100,-100,-100,-100,-100,-100,0,10,6,7,1
4,48,-100,-100,-100,-100,-100,-100,-100,-100,-100,-100,-100,-100,0,52,25,43,48
5,14,20,-100,-100,-100,-100,-100,-100,-100,-100,-100,-100,-100,0,18,23,21,14
6,28,36,-100,-100,-100,-100,-100,-100,-100,-100,-100,-100,-100,1,30,38,36,-100
7,2,4,5,11,13,-100,-100,-100,-100,-100,-100,-100,-100,2,12,2,-100,-100
8,4,5,11,13,20,28,-100,-100,-100,-100,-100,-100,-100,2,49,20,-100,-100
9,4,5,11,13,28,-100,-100,-100,-100,-100,-100,-100,-100,0,24,15,26,4
10,5,11,13,-100,-100,-100,-100,-100,-100,-100,-100,-100,-100,2,8,5,-100,-100
11,28,-100,-100,-100,-100,-100,-100,-100,-100,-100,-100,-100,-100,2,27,28,-100,-100
12,11,13,-100,-100,-100,-100,-100,-100,-100,-100,-100,-100,-100,0,17,22,19,11
13,13,-100,-100,-100,-100,-100,-100,-100,-100,-100,-100,-100,-100,1,37,29,13,-100
1,41,42,46,47,48,-100,-100,-100,-100,-100,-100,-100,-100,1,40,50,48,-100
2,2,3,7,-100,-100,-100,-100,-100,-100,-100,-100,-100,-100,0,13,9,6,7
3,41,42,46,47,-100,-100,-100,-100,-100,-100,-100,-100,-100,0,45,49,43,41
4,2,3,-100,-100,-100,-100,-100,-100,-100,-100,-100,-100,-100,1,10,5,3,-100
5,29,34,-100,-100,-100,-100,-100,-100,-100,-100,-100,-100,-100,1,32,28,29,-100
6,2,-100,-100,-100,-100,-100,-100,-100,-100,-100,-100,-100,-100,1,1,44,2,-100
7,18,19,24,34,42,46,47,-100,-100,-100,-100,-100,-100,0,8,11,31,24
8,42,46,47,-100,-100,-100,-100,-100,-100,-100,-100,-100,-100,1,51,35,42,-100
9,18,19,-100,-100,-100,-100,-100,-100,-100,-100,-100,-100,-100,1,25,20,18,-100
10,34,-100,-100,-100,-100,-100,-100,-100,-100,-100,-100,-100,-100,0,36,27,37,34
11,19,-100,-100,-100,-100,-100,-100,-100,-100,-100,-100,-100,-100,2,23,19,-100,-100
12,46,47,-100,-100,-100,-100,-100,-100,-100,-100,-100,-100,-100,2,33,46,-100,-100
13,47,-100,-100,-100,-100,-100,-100,-100,-100,-100,-100,-100,-100,1,15,17,47,-100
1,45,46,52,-100,-100,-100,-100,-100,-100,-100,-100,-100,-100,1,40,47,52,-100
2,5,7,9,27,29,37,38,45,46,-100,-100,-100,-100,3,27,-100,-100,-100
3,45,46,-100,-100,-100,-100,-100,-100,-100,-100,-100,-100,-100,1,43,42,45,-100
4,46,-100,-100,-100,-100,-100,-100,-100,-100,-100,-100,-100,-100,0,51,44,49,46
5,29,37,38,-100,-100,-100,-100,-100,-100,-100,-100,-100,-100,0,30,20,15,29
6,37,38,-100,-100,-100,-100,-100,-100,-100,-100,-100,-100,-100,0,33,10,3,38
7,5,7,9,17,22,24,37,-100,-100,-100,-100,-100,-100,3,17,-100,-100,-100
8,5,7,9,22,24,37,-100,-100,-100,-100,-100,-100,-100,1,41,6,37,-100
9,5,7,9,-100,-100,-100,-100,-100,-100,-100,-100,-100,-100,1,1,4,5,-100
10,7,9,-100,-100,-100,-100,-100,-100,-100,-100,-100,-100,-100,0,13,14,8,7
11,9,22,24,-100,-100,-100,-100,-100,-100,-100,-100,-100,-100,0,34,19,16,22
12,9,24,-100,-100,-100,-100,-100,-100,-100,-100,-100,-100,-100,0,35,23,18,24
13,9,-100,-100,-100,-100,-100,-100,-100,-100,-100,-100,-100,-100,0,36,25,2,9
1,42,-100,-100,-100,-100,-100,-100,-100,-100,-100,-100,-100,-100,2,40,42,-100,-100
2,28,30,32,34,38,-100,-100,-100,-100,-100,-100,-100,-100,0,33,39,23,38
3,14,16,18,21,-100,-100,-100,-100,-100,-100,-100,-100,-100,1,24,22,14,-100
4,16,18,21,-100,-100,-100,-100,-100,-100,-100,-100,-100,-100,1,15,17,16,-100
5,28,30,32,34,-100,-100,-100,-100,-100,-100,-100,-100,-100,0,35,27,4,34
6,3,5,7,-100,-100,-100,-100,-100,-100,-100,-100,-100,-100,0,1,2,10,7
7,3,5,-100,-100,-100,-100,-100,-100,-100,-100,-100,-100,-100,2,8,3,-100,-100
8,5,18,21,28,30,32,-100,-100,-100,-100,-100,-100,-100,0,49,48,51,18
9,5,21,28,30,32,-100,-100,-100,-100,-100,-100,-100,-100,2,41,21,-100,-100
10,5,28,30,32,-100,-100,-100,-100,-100,-100,-100,-100,-100,0,45,29,43,5
11,28,30,32,-100,-100,-100,-100,-100,-100,-100,-100,-100,-100,0,37,36,44,28
12,30,32,-100,-100,-100,-100,-100,-100,-100,-100,-100,-100,-100,0,31,6,12,32
13,30,-100,-100,-100,-100,-100,-100,-100,-100,-100,-100,-100,-100,3,30,-100,-100,-100
1,41,44,-100,-100,-100,-100,-100,-100,-100,-100,-100,-100,-100,0,40,47,42,44
2,27,34,38,-100,-100,-100,-100,-100,-100,-100,-100,-100,-100,1,30,33,27,-100
3,41,-100,-100,-100,-100,-100,-100,-100,-100,-100,-100,-100,-100,0,49,52,50,41
4,4,5,8,9,-100,-100,-100,-100,-100,-100,-100,-100,-100,1,6,12,9,-100
5,4,5,8,-100,-100,-100,-100,-100,-100,-100,-100,-100,-100,2,11,8,-100,-100
6,4,5,14,19,21,22,34,38,-100,-100,-100,-100,-100,2,46,14,-100,-100
7,34,38,-100,-100,-100,-100,-100,-100,-100,-100,-100,-100,-100,0,37,29,35,34
8,19,21,22,-100,-100,-100,-100,-100,-100,-100,-100,-100,-100,0,18,20,15,22
9,4,5,19,21,38,-100,-100,-100,-100,-100,-100,-100,-100,3,4,-100,-100,-100
10,38,-100,-100,-100,-100,-100,-100,-100,-100,-100,-100,-100,-100,0,36,31,28,38
11,5,19,21,-100,-100,-100,-100,-100,-100,-100,-100,-100,-100,3,5,-100,-100,-100
12,19,21,-100,-100,-100,-100,-100,-100,-100,-100,-100,-100,-100,0,17,23,45,19
13,21,-100,-100,-100,-100,-100,-100,-100,-100,-100,-100,-100,-100,1,16,43,21,-100
1,44,46,48,-100,-100,-100,-100,-100,-100,-100,-100,-100,-100,0,40,45,52,48
2,44,46,-100,-100,-100,-100,-100,-100,-100,-100,-100,-100,-100,2,50,46,-100,-100
3,27,30,33,-100,-100,-100,-100,-100,-100,-100,-100,-100,-100,2,36,27,-100,-100
4,44,-100,-100,-100,-100,-100,-100,-100,-100,-100,-100,-100,-100,0,42,24,49,44
5,2,3,6,7,8,-100,-100,-100,-100,-100,-100,-100,-100,2,13,8,-100,-100
6,2,3,6,7,22,23,30,33,-100,-100,-100,-100,-100,2,41,22,-100,-100
7,30,33,-100,-100,-100,-100,-100,-100,-100,-100,-100,-100,-100,0,28,10,34,33
8,2,3,6,7,-100,-100,-100,-100,-100,-100,-100,-100,-100,2,5,6,-100,-100
9,2,3,7,23,30,-100,-100,-100,-100,-100,-100,-100,-100,3,2,-100,-100,-100
10,23,-100,-100,-100,-100,-100,-100,-100,-100,-100,-100,-100,-100,1,17,16,23,-100
11,30,-100,-100,-100,-100,-100,-100,-100,-100,-100,-100,-100,-100,0,39,18,14,30
12,3,7,-100,-100,-100,-100,-100,-100,-100,-100,-100,-100,-100,0,29,26,20,3
13,7,-100,-100,-100,-100,-100,-100,-100,-100,-100,-100,-100,-100,0,35,19,21,7
